ID,TIMEVALUE,부품명,기준값,표준값,측정값,상한치,하한치,검사결과,High핀(입력),Low핀(출력)
-2,2024-01-08 11:20,,,,,,,OK,,
-1,2024-01-08 11:20,,,,,,,OK,,
2197,2024-01-08 11:20,E2,5000,10000,0,2310,-3750,OK,88134,1072346
2198,2024-01-08 11:20,E2,5000,10000,0,2310,-3750,OK,96459,979796
2199,2024-01-08 11:20,E2,5000,10000,0,2310,-3750,OK,88134,1072346
2200,2024-01-08 11:20,E2,50,100,30.393,2310,-3750,OK,88134,1009412
2201,2024-01-08 11:20,E2,2500,5000,9.174,-2310,3750,OK,88134,1010646
2202,2024-01-08 11:20,F2,5000,10000,0,2310,-3750,OK,96459,979796
2203,2024-01-08 11:20,F2,5000,10000,2939.607,2310,-3750,OK,87579,979796
2204,2024-01-08 11:20,E2,50,100,32.373,2310,-3750,OK,88134,1050134
2205,2024-01-08 11:20,F2,150,10000,4366.23,3850,-6250,OK,94572,979796
2206,2024-01-08 11:20,E2,5000,10000,0,2310,-3750,OK,96459,979796
2207,2024-01-08 11:20,E2,5000,10000,0,2310,-3750,OK,88134,1015582
2208,2024-01-08 11:20,E2,500,1000,0,2310,-3750,OK,88245,979796
2209,2024-01-08 11:20,E2,5000,10000,0,2310,-3750,OK,88134,1072346
2210,2024-01-08 11:20,E2,5000,10000,0,2310,-3750,OK,88134,1072346
2211,2024-01-08 11:20,E2,5000,10000,0,2310,-3750,OK,88134,1014348
2212,2024-01-08 11:20,A2,5000,10000,3199.746,2310,-3750,OK,100899,979796
2213,2024-01-08 11:20,E2,5000,10000,0,2310,-3750,OK,88134,1072346
2214,2024-01-08 11:20,E2,5000,10000,0,2310,-3750,OK,88134,1072346
2215,2024-01-08 11:20,E2,500,1000,362.538,2310,-3750,OK,88134,1073580
2216,2024-01-08 11:20,F2,235,10000,4034.976,3850,-6250,OK,88134,987200
2217,2024-01-08 11:20,F2,5000,10000,2921.721,2310,-3750,OK,88134,1060006
2218,2024-01-08 11:20,F2,50,200,0,2310,-3750,OK,88134,1116770
2219,2024-01-08 11:20,B2,235,10000,3430.02,3850,-6250,OK,88134,1146386
2220,2024-01-08 11:20,B2,5000,10000,2853.444,2310,-3750,OK,102342,979796
2221,2024-01-08 11:20,B2,50,200,0,2310,-3750,OK,88134,1116770
2222,2024-01-08 11:20,E2,500,1000,366.333,2310,-3750,OK,88134,1071112
2223,2024-01-08 11:20,E2,500,1000,358.875,2310,-3750,OK,88134,1069878
2224,2024-01-08 11:20,F2,50,100,33.726,2310,-3750,OK,88245,979796
2225,2024-01-08 11:20,A2,2350,4700,1410.618,2310,-3750,OK,107559,979796
2226,2024-01-08 11:20,F2,5000,10000,3167.571,2310,-3750,OK,96459,979796
2227,2024-01-08 11:20,E2,235,470,156.684,2310,-3750,OK,91353,979796
2228,2024-01-08 11:20,E2,235,470,150.249,2310,-3750,OK,91242,979796
2229,2024-01-08 11:20,E2,25,10000,4106.355,3850,-6250,OK,93684,979796
2230,2024-01-08 11:20,E2,25,10000,3374.712,3850,-6250,OK,88134,1040262
2231,2024-01-08 11:20,A2,2500,2000,544.665,3850,-6250,OK,107892,1178470
2232,2024-01-08 11:20,A2,2500,5000,0,2310,-3750,OK,0,1178470
2233,2024-01-08 11:20,A2,37.5,75,25.509,2310,-3750,OK,107892,1178470
2234,2024-01-08 11:20,A2,235,470,155.397,2310,-3750,OK,107115,1192044
2235,2024-01-08 11:20,A2,2350,4700,1563.738,2310,-3750,OK,88134,1192044
2236,2024-01-08 11:20,A2,500,1000,327.294,2310,-3750,OK,107448,1121706
2237,2024-01-08 11:20,A2,235,470,155.628,2310,-3750,OK,107781,1194512
2238,2024-01-08 11:20,A2,11000,22000,7144.005,2310,-3750,OK,107559,1196980
2239,2024-01-08 11:20,A2,11000,22000,7769.553,2310,-3750,OK,106005,1195746
2240,2024-01-08 11:20,A2,235,470,156.222,2310,-3750,OK,99234,1193278
2241,2024-01-08 11:20,A2,2350,4700,1533.51,2310,-3750,OK,107337,979796
2242,2024-01-08 11:20,E2,500,1000,23046.177,-2310,3750,OK,96459,1027922
2243,2024-01-08 11:20,F2,7500,15000,4295.115,2310,-3750,OK,90132,1027922
2244,2024-01-08 11:20,F2,7500,15000,4938.483,2310,-3750,OK,90021,1021752
2245,2024-01-08 11:20,F2,7500,15000,4113.483,2310,-3750,OK,90687,981030
2246,2024-01-08 11:20,E2,500,1000,20988.495,-2310,3750,OK,88134,1021752
2247,2024-01-08 11:20,E2,500,1000,237.864,2310,-3750,OK,88134,1022986
2248,2024-01-08 11:20,E2,500,1000,237.435,2310,-3750,OK,88134,1024220
2249,2024-01-08 11:20,E2,500,1000,241.263,2310,-3750,OK,88134,1025454
2250,2024-01-08 11:20,E2,500,1000,328.317,2310,-3750,OK,88134,1037794
2251,2024-01-08 11:20,E2,50,100,29.634,2310,-3750,OK,93573,1041496
2252,2024-01-08 11:20,F2,2500,5000,230.835,-2310,3750,OK,96459,1009412
2253,2024-01-08 11:20,F2,2500,5000,222.123,-2310,3750,OK,96459,1010646
2254,2024-01-08 11:20,F2,7500,15000,5101.107,2310,-3750,OK,88023,1010646
2255,2024-01-08 11:20,F2,7500,15000,4328.709,2310,-3750,OK,87912,1009412
2256,2024-01-08 11:20,F2,7500,15000,0,2310,-3750,OK,87801,1067410
2257,2024-01-08 11:20,E2,50,100,32.67,2310,-3750,OK,95904,1071112
2258,2024-01-08 11:20,E2,50,100,32.868,2310,-3750,OK,96126,1069878
2259,2024-01-08 11:20,F2,7500,15000,4295.115,2310,-3750,OK,87690,967456
2260,2024-01-08 11:20,F2,7500,15000,4249.707,2310,-3750,OK,87468,1048900
2261,2024-01-08 11:20,D2,7500,15000,4278.483,2310,-3750,OK,87357,1047666
2262,2024-01-08 11:20,F2,7500,15000,0,2310,-3750,OK,94572,969924
2263,2024-01-08 11:20,F2,2500,5000,0,-2310,3750,OK,87135,979796
2264,2024-01-08 11:20,F2,500,1000,0,-2310,3750,OK,88134,1051368
2265,2024-01-08 11:20,E2,500,1000,327.756,2310,-3750,OK,88134,1047666
2266,2024-01-08 11:20,F2,2500,5000,0,-2310,3750,OK,88134,1048900
2267,2024-01-08 11:20,F2,235,470,155.463,2310,-3750,OK,87579,1048900
2268,2024-01-08 11:20,F2,235,470,155.562,2310,-3750,OK,87579,968690
2269,2024-01-08 11:20,F2,7500,15000,4944.687,2310,-3750,OK,87135,1050134
2270,2024-01-08 11:20,F2,500,1000,330.528,2310,-3750,OK,96459,963754
2271,2024-01-08 11:20,F2,50,100,32.67,2310,-3750,OK,86691,964988
2272,2024-01-08 11:20,F2,2350,4700,1530.474,2310,-3750,OK,88134,966222
2273,2024-01-08 11:20,E2,235,470,155.298,2310,-3750,OK,86913,1046432
2274,2024-01-08 11:20,F2,2500,5000,72718.767,-2310,3750,OK,94128,1072346
2275,2024-01-08 11:20,F2,500,1000,329.406,2310,-3750,OK,88134,973626
2276,2024-01-08 11:20,D2,5000,10000,2729.958,2310,-3750,OK,99012,1079750
2277,2024-01-08 11:20,D2,5000,10000,2712.468,2310,-3750,OK,97125,1101962
2278,2024-01-08 11:20,D2,10000,20000,6519.018,2310,-3750,OK,100011,1101962
2279,2024-01-08 11:20,C2,5000,10000,2692.305,2310,-3750,OK,100122,1109366
2280,2024-01-08 11:20,C2,5000,10000,2690.391,2310,-3750,OK,100677,1113068
2281,2024-01-08 11:20,C2,10000,20000,6562.611,2310,-3750,OK,98568,1119238
2282,2024-01-08 11:20,C2,5000,10000,2682.801,2310,-3750,OK,100233,1110600
2283,2024-01-08 11:20,C2,5000,10000,2686.596,2310,-3750,OK,100566,1114302
2284,2024-01-08 11:20,C2,10000,20000,6551.655,2310,-3750,OK,100566,1104430
2285,2024-01-08 11:20,D2,5000,10000,2560.437,2310,-3750,OK,98346,1085920
2286,2024-01-08 11:20,D2,5000,10000,2543.013,2310,-3750,OK,98457,1093324
2287,2024-01-08 11:20,D2,10000,20000,6569.937,2310,-3750,OK,98790,1094558
2288,2024-01-08 11:20,D2,5000,10000,2714.415,2310,-3750,OK,98679,1084686
2289,2024-01-08 11:20,D2,5000,10000,2699.961,2310,-3750,OK,98901,1097026
2290,2024-01-08 11:20,D2,10000,20000,6540.732,2310,-3750,OK,97902,1099494
2291,2024-01-08 11:20,D2,5000,10000,2754.543,2310,-3750,OK,97236,1083452
2292,2024-01-08 11:20,D2,5000,10000,2755.533,2310,-3750,OK,97347,1080984
2293,2024-01-08 11:20,D2,10000,20000,6526.245,2310,-3750,OK,99678,1082218
2294,2024-01-08 11:20,D2,5000,10000,2692.305,2310,-3750,OK,96903,1076048
2295,2024-01-08 11:20,D2,5000,10000,3375.372,2310,-3750,OK,96792,1074814
2296,2024-01-08 11:20,D2,10000,20000,5884.362,2310,-3750,OK,98013,1074814
2297,2024-01-08 11:20,E2,235,470,155.496,2310,-3750,OK,96459,981030
2298,2024-01-08 11:20,E2,7500,15000,4278.483,2310,-3750,OK,88245,1013114
2299,2024-01-08 11:20,B2,235,470,156.024,2310,-3750,OK,104340,1161194
2300,2024-01-08 11:20,B2,2350,4700,1556.643,2310,-3750,OK,88134,1161194
2301,2024-01-08 11:20,B2,235,470,156.189,2310,-3750,OK,97791,1162428
2302,2024-01-08 11:20,B2,2350,4700,1550.241,2310,-3750,OK,88134,1162428
2303,2024-01-08 11:20,B2,235,470,155.232,2310,-3750,OK,104673,1166130
2304,2024-01-08 11:20,B2,2350,4700,1545.918,2310,-3750,OK,88134,1166130
2305,2024-01-08 11:20,B2,2500,5000,3192310.44,-2310,3750,OK,105228,1172300
2306,2024-01-08 11:20,B2,2500,5000,3236602.875,-2310,3750,OK,105339,1172300
2307,2024-01-08 11:20,B2,2500,5000,3234954.426,-2310,3750,OK,105117,1174768
2308,2024-01-08 11:20,B2,2500,5000,3212041.074,-2310,3750,OK,105561,1174768
2309,2024-01-08 11:20,B2,2500,5000,3252591.639,-2310,3750,OK,105006,1177236
2310,2024-01-08 11:20,B2,2500,5000,3244753.875,-2310,3750,OK,105783,1177236
2311,2024-01-08 11:20,E2,50,100,33.066,2310,-3750,OK,87024,1073580
2312,2024-01-08 11:20,E2,500,1000,315.711,2310,-3750,OK,96459,967456
2313,2024-01-08 11:20,F2,5000,10000,2763.486,2310,-3750,OK,91575,985966
2314,2024-01-08 11:20,F2,5000,10000,3359.961,2310,-3750,OK,91797,983498
2315,2024-01-08 11:20,F2,500,500,136.026,2310,-3750,OK,100455,1018050
2316,2024-01-08 11:20,F2,235,470,128.007,2310,-3750,OK,100455,1020518
2317,2024-01-08 11:20,B2,2350,4700,1539.78,2310,-3750,OK,88134,1122940
2318,2024-01-08 11:20,B2,235,470,155.265,2310,-3750,OK,101121,1122940
2319,2024-01-08 11:20,E2,235,470,155.562,2310,-3750,OK,96459,1011880
2320,2024-01-08 11:20,B2,235,470,156.321,2310,-3750,OK,100455,1124174
2321,2024-01-08 11:20,C2,5000,10000,2701.875,2310,-3750,OK,91575,1148854
2322,2024-01-08 11:20,C2,5000,10000,2715.372,2310,-3750,OK,91686,1147620
2323,2024-01-08 11:20,C2,500,500,0,2310,-3750,OK,100455,1018050
2324,2024-01-08 11:20,C2,235,470,132,2310,-3750,OK,100455,1019284
2325,2024-01-08 11:20,F2,235,470,156.288,2310,-3750,OK,96459,1068644
2326,2024-01-08 11:20,B2,50,100,32.901,2310,-3750,OK,102120,1138982
2327,2024-01-08 11:20,B2,50,100,32.802,2310,-3750,OK,102231,1140216
2328,2024-01-08 11:20,B2,50,100,32.934,2310,-3750,OK,103008,1141450
2329,2024-01-08 11:20,B2,50,100,33,2310,-3750,OK,102897,1142684
2330,2024-01-08 11:20,B2,50,100,33.858,2310,-3750,OK,104118,1158726
2331,2024-01-08 11:20,B2,50,100,32.67,2310,-3750,OK,103563,1152556
2332,2024-01-08 11:20,B2,50,100,32.703,2310,-3750,OK,103452,1153790
2333,2024-01-08 11:20,F2,500,1000,3382305.102,-2310,3750,OK,88356,1039028
2334,2024-01-08 11:20,E2,50,100,0,2310,-3750,OK,95238,1052602
2335,2024-01-08 11:20,E2,50,100,32.868,2310,-3750,OK,95460,1053836
2336,2024-01-08 11:20,E2,50,100,32.736,2310,-3750,OK,95127,1055070
2337,2024-01-08 11:20,E2,50,100,32.868,2310,-3750,OK,95682,1056304
2338,2024-01-08 11:20,E2,50,100,32.637,2310,-3750,OK,95571,1064942
2339,2024-01-08 11:20,F2,2350,4700,3221705.685,-2310,3750,OK,96459,982264
2340,2024-01-08 11:20,F2,50,100,32.769,2310,-3750,OK,90576,1004476
2341,2024-01-08 11:20,F2,50,100,32.736,2310,-3750,OK,88578,1005710
2342,2024-01-08 11:20,C2,0,1000,76.791,2310,-3750,OK,96459,1116770
2343,2024-01-08 11:20,F2,0,1000,23146.761,770,-1250,OK,87246,968690
2344,2024-01-08 11:20,E2,500,1000,326.865,2310,-3750,OK,88134,1045198
2345,2024-01-08 11:20,E2,2500,5000,0,-2310,3750,OK,94017,1072346
2346,2024-01-08 11:20,E2,2500,5000,222.123,-2310,3750,OK,88134,1043964
2347,2024-01-08 11:20,E2,500,1000,328.482,2310,-3750,OK,93906,1072346
2348,2024-01-08 11:20,E2,500,1000,0,2310,-3750,OK,88134,1042730
2349,2024-01-08 11:20,E2,2500,5000,0,-2310,3750,OK,93795,1072346
2350,2024-01-08 11:20,E2,500,1000,329.406,2310,-3750,OK,88134,1026688
2351,2024-01-08 11:20,E2,2500,5000,0,-2310,3750,OK,92352,1072346
2352,2024-01-08 11:20,E2,500,1000,231.363,2310,-3750,OK,91464,979796
2353,2024-01-08 11:20,E2,2500,5000,0,-2310,3750,OK,91464,1072346
2354,2024-01-08 11:20,F2,500,1000,21162.768,770,-1250,OK,87579,972392
2355,2024-01-08 11:20,F2,500,1000,22445.346,770,-1250,OK,87468,971158
2356,2024-01-08 11:20,F2,500,1000,22445.346,770,-1250,OK,87357,969924
2357,2024-01-08 11:20,F2,500,1000,0,770,-1250,OK,87246,968690
2358,2024-01-08 11:20,F2,500,1000,21469.47,770,-1250,OK,87135,979796
2359,2024-01-08 11:20,F2,500,1000,17635.629,770,-1250,OK,96459,1002008
2360,2024-01-08 11:20,F2,500,1000,22790.658,770,-1250,OK,90132,1000774
2361,2024-01-08 11:20,F2,500,1000,22790.658,770,-1250,OK,90021,1008178
2362,2024-01-08 11:20,F2,500,1000,17027.505,770,-1250,OK,90687,979796
2363,2024-01-08 11:20,F2,500,1000,23893.452,770,-1250,OK,88023,977328
2364,2024-01-08 11:20,F2,500,1000,23146.761,770,-1250,OK,87912,979796
2365,2024-01-08 11:20,F2,500,1000,22790.658,770,-1250,OK,88134,1121706
2366,2024-01-08 11:20,F2,500,1000,0,770,-1250,OK,100899,0
2367,2024-01-08 11:20,F2,500,1000,0,770,-1250,OK,0,0
2368,2024-01-08 11:20,F2,500,1000,0,770,-1250,OK,0,976094
2369,2024-01-08 11:20,F2,500,1000,23893.452,770,-1250,OK,87801,1072346
2370,2024-01-08 11:20,F2,500,1000,21162.768,770,-1250,OK,96459,1066176
2371,2024-01-08 11:20,F2,500,1000,23146.761,770,-1250,OK,95904,1068644
2372,2024-01-08 11:20,F2,500,1000,22445.346,770,-1250,OK,96126,974860
2373,2024-01-08 11:20,B2,500,1000,23893.452,770,-1250,OK,105783,1173534
2374,2024-01-08 11:20,B2,500,1000,23893.452,770,-1250,OK,105561,1171066
2375,2024-01-08 11:20,B2,500,1000,23514.183,770,-1250,OK,105339,1072346
2376,2024-01-08 11:20,E2,500,1000,21785.214,770,-1250,OK,88134,1026688
2377,2024-01-08 11:20,E2,500,1000,21469.47,770,-1250,OK,92352,1032858
2378,2024-01-08 11:20,E2,500,1000,22445.346,770,-1250,OK,92907,1034092
2379,2024-01-08 11:20,E2,500,1000,22790.658,770,-1250,OK,93018,1035326
2380,2024-01-08 11:20,E2,500,1000,23146.761,770,-1250,OK,93129,1036560
2381,2024-01-08 11:20,E2,500,1000,22790.658,770,-1250,OK,93240,1031624
2382,2024-01-08 11:20,E2,500,1000,22445.346,770,-1250,OK,92796,1030390
2383,2024-01-08 11:20,E2,500,1000,23514.183,770,-1250,OK,92685,1029156
2384,2024-01-08 11:20,E2,500,1000,22790.658,770,-1250,OK,92574,1072346
2385,2024-01-08 11:20,E2,500,1000,15431.196,770,-1250,OK,96459,1037794
2386,2024-01-08 11:20,E2,500,1000,22445.346,770,-1250,OK,93351,1039028
2387,2024-01-08 11:20,E2,500,1000,22445.346,770,-1250,OK,93462,1040262
2388,2024-01-08 11:20,E2,500,1000,23514.183,770,-1250,OK,93573,979796
2389,2024-01-08 11:20,E2,500,1000,23514.183,770,-1250,OK,88134,1041496
2390,2024-01-08 11:20,E2,500,1000,23893.452,770,-1250,OK,93684,979796
2391,2024-01-08 11:20,E2,500,1000,23146.761,770,-1250,OK,88134,1071112
2392,2024-01-08 11:20,E2,500,1000,23146.761,770,-1250,OK,96348,1067410
2393,2024-01-08 11:20,E2,500,1000,23146.761,770,-1250,OK,96015,1069878
2394,2024-01-08 11:20,E2,500,1000,21162.768,770,-1250,OK,96237,1047666
2395,2024-01-08 11:20,E2,500,1000,22790.658,770,-1250,OK,94239,1046432
2396,2024-01-08 11:20,E2,500,1000,22445.346,770,-1250,OK,94128,1048900
2397,2024-01-08 11:20,E2,500,1000,22110.363,770,-1250,OK,94350,1050134
2398,2024-01-08 11:20,E2,500,1000,23146.761,770,-1250,OK,94461,1051368
2399,2024-01-08 11:20,E2,500,1000,23893.452,770,-1250,OK,94572,1010646
2400,2024-01-08 11:20,E2,500,1000,23146.761,770,-1250,OK,90909,1009412
2401,2024-01-08 11:20,E2,500,1000,23514.183,770,-1250,OK,90798,1045198
2402,2024-01-08 11:20,E2,500,1000,23146.761,770,-1250,OK,94017,1043964
2403,2024-01-08 11:20,E2,500,1000,21469.47,770,-1250,OK,93906,1072346
2404,2024-01-08 11:20,E2,500,1000,15928.968,770,-1250,OK,96459,1011880
2405,2024-01-08 11:20,E2,500,1000,21162.768,770,-1250,OK,91020,1042730
2406,2024-01-08 11:20,E2,500,1000,21469.47,770,-1250,OK,93795,979796
2407,2024-01-08 11:20,E2,500,1000,0,770,-1250,OK,88134,979796
2408,2024-01-08 11:20,E2,500,1000,21785.214,770,-1250,OK,88134,1015582
2409,2024-01-08 11:20,E2,500,1000,20864.712,770,-1250,OK,91353,979796
2410,2024-01-08 11:20,E2,500,1000,13226.73,770,-1250,OK,88134,1072346
2411,2024-01-08 11:20,E2,500,1000,11395.329,770,-1250,OK,96459,981030
2412,2024-01-08 11:20,E2,500,1000,19751.919,770,-1250,OK,88245,1014348
2413,2024-01-08 11:20,E2,500,1000,22445.346,770,-1250,OK,91242,1179704
2414,2024-01-08 11:20,E2,500,1000,23146.761,770,-1250,OK,106116,1180938
2415,2024-01-08 11:20,E2,500,1000,23514.183,770,-1250,OK,106227,1182172
2416,2024-01-08 11:20,E2,500,1000,23146.761,770,-1250,OK,106338,1164896
2417,2024-01-08 11:20,E2,500,1000,22790.658,770,-1250,OK,104784,1183406
2418,2024-01-08 11:20,E2,500,1000,23514.183,770,-1250,OK,106449,1184640
2419,2024-01-08 11:20,E2,500,1000,23514.183,770,-1250,OK,106560,1185874
2420,2024-01-08 11:20,E2,500,1000,23146.761,770,-1250,OK,106671,1087154
2421,2024-01-08 11:20,E2,500,1000,22790.658,770,-1250,OK,97791,1163662
2422,2024-01-08 11:20,E2,500,1000,23146.761,770,-1250,OK,104673,1159960
2423,2024-01-08 11:20,E2,500,1000,21785.214,770,-1250,OK,104340,979796
2424,2024-01-08 11:20,E2,500,1000,17428.158,770,-1250,OK,88134,1072346
2425,2024-01-08 11:20,E2,500,1000,12142.581,770,-1250,OK,96459,979796
2426,2024-01-08 11:20,E2,500,1000,13590.753,770,-1250,OK,88134,1072346
2427,2024-01-08 11:20,E2,500,1000,11395.329,770,-1250,OK,96459,1073580
2428,2024-01-08 11:20,E2,500,1000,21162.768,770,-1250,OK,96570,1016816
2429,2024-01-08 11:20,E2,500,1000,23146.761,770,-1250,OK,91464,1018050
2430,2024-01-08 11:20,E2,500,1000,21162.768,770,-1250,OK,91575,1019284
2431,2024-01-08 11:20,E2,500,1000,21162.768,770,-1250,OK,91686,1020518
2432,2024-01-08 11:20,E2,500,1000,21469.47,770,-1250,OK,91797,1027922
2433,2024-01-08 11:20,E2,500,1000,23514.183,770,-1250,OK,92463,1021752
2434,2024-01-08 11:20,E2,500,1000,23514.183,770,-1250,OK,91908,1022986
2435,2024-01-08 11:20,E2,500,1000,22445.346,770,-1250,OK,92019,1024220
2436,2024-01-08 11:20,E2,500,1000,22790.658,770,-1250,OK,92130,1025454
2437,2024-01-08 11:20,E2,500,1000,22110.363,770,-1250,OK,92241,1103196
2438,2024-01-08 11:20,E2,500,1000,22790.658,770,-1250,OK,99234,1190810
2439,2024-01-08 11:20,E2,500,1000,22445.346,770,-1250,OK,92907,1034092
2440,2024-01-08 11:20,E2,500,1000,22790.658,770,-1250,OK,93018,1035326
2441,2024-01-08 11:20,E2,500,1000,22790.658,770,-1250,OK,93129,1036560
2442,2024-01-08 11:20,E2,500,1000,23146.761,770,-1250,OK,93240,1031624
2443,2024-01-08 11:20,E2,500,1000,22445.346,770,-1250,OK,92796,1030390
2444,2024-01-08 11:20,E2,500,1000,23146.761,770,-1250,OK,92685,1029156
2445,2024-01-08 11:20,E2,500,1000,21469.47,770,-1250,OK,92574,979796
2446,2024-01-08 11:20,E2,500,1000,22445.346,770,-1250,OK,88134,1078516
2447,2024-01-08 11:20,E2,500,1000,23514.183,770,-1250,OK,97014,1077282
2448,2024-01-08 11:20,E2,500,1000,23146.761,770,-1250,OK,96903,1083452
2449,2024-01-08 11:20,E2,500,1000,23146.761,770,-1250,OK,97458,1084686
2450,2024-01-08 11:20,E2,500,1000,22790.658,770,-1250,OK,97569,1085920
2451,2024-01-08 11:20,E2,500,1000,23146.761,770,-1250,OK,97680,1110600
2452,2024-01-08 11:20,E2,500,1000,23514.183,770,-1250,OK,99900,1109366
2453,2024-01-08 11:20,E2,500,1000,23146.761,770,-1250,OK,99789,1100728
2454,2024-01-08 11:20,A2,500,1000,23514.183,770,-1250,OK,106782,1185874
2455,2024-01-08 11:20,A2,500,1000,23514.183,770,-1250,OK,106671,1184640
2456,2024-01-08 11:20,A2,500,1000,22110.363,770,-1250,OK,106560,1183406
2457,2024-01-08 11:20,A2,500,1000,23146.761,770,-1250,OK,106449,1164896
2458,2024-01-08 11:20,A2,500,1000,22790.658,770,-1250,OK,104784,1182172
2459,2024-01-08 11:20,A2,500,1000,22790.658,770,-1250,OK,106338,1180938
2460,2024-01-08 11:20,A2,500,1000,23514.183,770,-1250,OK,106227,1179704
2461,2024-01-08 11:20,A2,500,1000,23146.761,770,-1250,OK,106116,1121706
2462,2024-01-08 11:20,A2,500,1000,22790.658,770,-1250,OK,100899,979796
2463,2024-01-08 11:20,A2,500,1000,0,770,-1250,OK,88134,979796
2464,2024-01-08 11:20,A2,500,1000,0,770,-1250,OK,88134,979796
2465,2024-01-08 11:20,A2,500,1000,22790.658,770,-1250,OK,88134,1188342
2466,2024-01-08 11:20,A2,500,1000,22445.346,770,-1250,OK,106893,1115536
2467,2024-01-08 11:20,A2,500,1000,24285.129,770,-1250,OK,100344,1090856
2468,2024-01-08 11:20,A2,500,1000,23514.183,770,-1250,OK,98124,1120472
2469,2024-01-08 11:20,A2,500,1000,23146.761,770,-1250,OK,100788,1105664
2470,2024-01-08 11:20,A2,500,1000,23146.761,770,-1250,OK,99456,1092090
2471,2024-01-08 11:20,A2,500,1000,23893.452,770,-1250,OK,98235,1106898
2472,2024-01-08 11:20,A2,500,1000,23514.183,770,-1250,OK,99567,1189576
2473,2024-01-08 11:20,F2,500,1000,22110.363,770,-1250,OK,90354,1005710
2474,2024-01-08 11:20,F2,500,1000,22445.346,770,-1250,OK,90465,1003242
2475,2024-01-08 11:20,F2,500,1000,23514.183,770,-1250,OK,90243,985966
2476,2024-01-08 11:20,F2,500,1000,21162.768,770,-1250,OK,88689,983498
2477,2024-01-08 11:20,F2,500,1000,17428.158,770,-1250,OK,88467,979796
2478,2024-01-08 11:20,F2,500,1000,23514.183,770,-1250,OK,88134,987200
2479,2024-01-08 11:20,F2,500,1000,22790.658,770,-1250,OK,88800,993370
2480,2024-01-08 11:20,F2,500,1000,23146.761,770,-1250,OK,89355,992136
2481,2024-01-08 11:20,F2,500,1000,23146.761,770,-1250,OK,89244,988434
2482,2024-01-08 11:20,F2,500,1000,22445.346,770,-1250,OK,88911,990902
2483,2024-01-08 11:20,F2,500,1000,22445.346,770,-1250,OK,89133,989668
2484,2024-01-08 11:20,F2,500,1000,23514.183,770,-1250,OK,89022,994604
2485,2024-01-08 11:20,F2,500,1000,22445.346,770,-1250,OK,89466,995838
2486,2024-01-08 11:20,F2,500,1000,23514.183,770,-1250,OK,89577,997072
2487,2024-01-08 11:20,F2,500,1000,23893.452,770,-1250,OK,89688,1060006
2488,2024-01-08 11:20,F2,500,1000,23146.761,770,-1250,OK,95349,998306
2489,2024-01-08 11:20,F2,500,1000,22790.658,770,-1250,OK,89799,1116770
2490,2024-01-08 11:20,F2,500,1000,22110.363,770,-1250,OK,100455,1058772
2491,2024-01-08 11:20,F2,500,1000,23146.761,770,-1250,OK,95238,1061240
2492,2024-01-08 11:20,F2,500,1000,23146.761,770,-1250,OK,95460,1057538
2493,2024-01-08 11:20,F2,500,1000,22790.658,770,-1250,OK,95127,1063708
2494,2024-01-08 11:20,F2,500,1000,23146.761,770,-1250,OK,95682,999540
2495,2024-01-08 11:20,F2,500,1000,22445.346,770,-1250,OK,89910,1062474
2496,2024-01-08 11:20,B2,500,1000,23893.452,770,-1250,OK,103674,1153790
2497,2024-01-08 11:20,B2,500,1000,23146.761,770,-1250,OK,103785,1155024
2498,2024-01-08 11:20,B2,500,1000,23146.761,770,-1250,OK,103896,1148854
2499,2024-01-08 11:20,B2,500,1000,21162.768,770,-1250,OK,103341,1147620
2500,2024-01-08 11:20,B2,500,1000,17635.629,770,-1250,OK,103230,979796
2501,2024-01-08 11:20,B2,500,1000,23893.452,770,-1250,OK,88134,1146386
2502,2024-01-08 11:20,B2,500,1000,22445.346,770,-1250,OK,103119,1124174
2503,2024-01-08 11:20,B2,500,1000,23514.183,770,-1250,OK,101121,1125408
2504,2024-01-08 11:20,B2,500,1000,23146.761,770,-1250,OK,101232,1126642
2505,2024-01-08 11:20,B2,500,1000,23514.183,770,-1250,OK,101343,1127876
2506,2024-01-08 11:20,B2,500,1000,22790.658,770,-1250,OK,101454,1129110
2507,2024-01-08 11:20,B2,500,1000,23146.761,770,-1250,OK,101565,1130344
2508,2024-01-08 11:20,B2,500,1000,22445.346,770,-1250,OK,101676,1131578
2509,2024-01-08 11:20,B2,500,1000,23146.761,770,-1250,OK,101787,1132812
2510,2024-01-08 11:20,B2,500,1000,22790.658,770,-1250,OK,101898,1137748
2511,2024-01-08 11:20,B2,500,1000,23146.761,770,-1250,OK,102342,1134046
2512,2024-01-08 11:20,B2,500,1000,22445.346,770,-1250,OK,102009,1116770
2513,2024-01-08 11:20,B2,500,1000,21469.47,770,-1250,OK,100455,1135280
2514,2024-01-08 11:20,B2,500,1000,22790.658,770,-1250,OK,102120,1136514
2515,2024-01-08 11:20,B2,500,1000,22790.658,770,-1250,OK,102231,1145152
2516,2024-01-08 11:20,B2,500,1000,22790.658,770,-1250,OK,103008,1143918
2517,2024-01-08 11:20,B2,500,1000,23514.183,770,-1250,OK,102897,1156258
2518,2024-01-08 11:20,B2,500,1000,23514.183,770,-1250,OK,104007,1157492
2519,2024-01-08 11:20,E2,50,80,0,2310,-3750,OK,88134,979796
2520,2024-01-08 11:20,E2,50,85,0,2310,-3750,OK,88134,1026688
2521,2024-01-08 11:20,E2,50,85,0,2310,-3750,OK,88134,1032858
2522,2024-01-08 11:20,E2,50,85,0,2310,-3750,OK,88134,1034092
2523,2024-01-08 11:20,E2,50,85,0,2310,-3750,OK,88134,1035326
2524,2024-01-08 11:20,E2,50,85,0,2310,-3750,OK,88134,1036560
2525,2024-01-08 11:20,E2,50,85,0,2310,-3750,OK,88134,1031624
2526,2024-01-08 11:20,E2,50,85,0,2310,-3750,OK,88134,1030390
2527,2024-01-08 11:20,E2,50,85,0,2310,-3750,OK,88134,1029156
2528,2024-01-08 11:20,E2,50,55,0,2310,-3750,OK,88134,1072346
2529,2024-01-08 11:20,E2,50,85,0,2310,-3750,OK,88134,1037794
2530,2024-01-08 11:20,E2,50,85,0,2310,-3750,OK,88134,1039028
2531,2024-01-08 11:20,E2,50,85,0,2310,-3750,OK,88134,1040262
2532,2024-01-08 11:20,E2,50,80,0,2310,-3750,OK,88134,979796
2533,2024-01-08 11:20,E2,50,85,0,2310,-3750,OK,88134,1041496
2534,2024-01-08 11:20,E2,50,80,0,2310,-3750,OK,88134,979796
2535,2024-01-08 11:20,E2,50,85,0,2310,-3750,OK,88134,1071112
2536,2024-01-08 11:20,E2,50,85,0,2310,-3750,OK,88134,1067410
2537,2024-01-08 11:20,E2,50,85,0,2310,-3750,OK,88134,1069878
2538,2024-01-08 11:20,E2,50,85,0,2310,-3750,OK,88134,1047666
2539,2024-01-08 11:20,E2,50,85,0,2310,-3750,OK,88134,1046432
2540,2024-01-08 11:20,E2,50,85,0,2310,-3750,OK,88134,1048900
2541,2024-01-08 11:20,E2,50,85,0,2310,-3750,OK,88134,1050134
2542,2024-01-08 11:20,E2,50,85,0,2310,-3750,OK,88134,1051368
2543,2024-01-08 11:20,E2,50,85,0,2310,-3750,OK,88134,1010646
2544,2024-01-08 11:20,E2,50,85,0,2310,-3750,OK,88134,1009412
2545,2024-01-08 11:20,E2,50,85,0,2310,-3750,OK,88134,1045198
2546,2024-01-08 11:20,E2,50,85,0,2310,-3750,OK,88134,1043964
2547,2024-01-08 11:20,E2,50,55,0,2310,-3750,OK,88134,1072346
2548,2024-01-08 11:20,E2,50,85,0,2310,-3750,OK,88134,1011880
2549,2024-01-08 11:20,E2,50,85,0,2310,-3750,OK,88134,1042730
2550,2024-01-08 11:20,E2,50,80,0,2310,-3750,OK,88134,979796
2551,2024-01-08 11:20,E2,50,80,0,2310,-3750,OK,88134,979796
2552,2024-01-08 11:20,E2,50,55,0,2310,-3750,OK,88134,1015582
2553,2024-01-08 11:20,E2,50,80,0,2310,-3750,OK,88134,979796
2554,2024-01-08 11:20,E2,50,55,0,2310,-3750,OK,88134,1072346
2555,2024-01-08 11:20,E2,50,85,0,2310,-3750,OK,88134,981030
2556,2024-01-08 11:20,E2,50,55,0,2310,-3750,OK,88134,1014348
2557,2024-01-08 11:20,E2,50,85,0,2310,-3750,OK,88134,1179704
2558,2024-01-08 11:20,E2,50,85,0,2310,-3750,OK,88134,1180938
2559,2024-01-08 11:20,E2,50,85,0,2310,-3750,OK,88134,1182172
2560,2024-01-08 11:20,E2,50,85,0,2310,-3750,OK,88134,1164896
2561,2024-01-08 11:20,E2,50,85,0,2310,-3750,OK,88134,1183406
2562,2024-01-08 11:20,E2,50,85,0,2310,-3750,OK,88134,1184640
2563,2024-01-08 11:20,E2,50,85,0,2310,-3750,OK,88134,1185874
2564,2024-01-08 11:20,E2,50,85,0,2310,-3750,OK,88134,1087154
2565,2024-01-08 11:20,E2,50,85,0,2310,-3750,OK,88134,1163662
2566,2024-01-08 11:20,E2,50,85,0,2310,-3750,OK,88134,1159960
2567,2024-01-08 11:20,E2,50,80,0,2310,-3750,OK,88134,979796
2568,2024-01-08 11:20,E2,50,55,0,2310,-3750,OK,88134,1072346
2569,2024-01-08 11:20,E2,50,80,0,2310,-3750,OK,88134,979796
2570,2024-01-08 11:20,E2,50,55,0,2310,-3750,OK,88134,1072346
2571,2024-01-08 11:20,E2,50,85,0,2310,-3750,OK,88134,1073580
2572,2024-01-08 11:20,E2,50,85,0,2310,-3750,OK,88134,1016816
2573,2024-01-08 11:20,E2,50,85,0,2310,-3750,OK,88134,1018050
2574,2024-01-08 11:20,E2,50,85,0,2310,-3750,OK,88134,1019284
2575,2024-01-08 11:20,E2,50,85,0,2310,-3750,OK,88134,1020518
2576,2024-01-08 11:20,E2,50,85,0,2310,-3750,OK,88134,1027922
2577,2024-01-08 11:20,E2,50,85,0,2310,-3750,OK,88134,1021752
2578,2024-01-08 11:20,E2,50,85,0,2310,-3750,OK,88134,1022986
2579,2024-01-08 11:20,E2,50,85,0,2310,-3750,OK,88134,1024220
2580,2024-01-08 11:20,E2,50,85,0,2310,-3750,OK,88134,1025454
2581,2024-01-08 11:20,E2,50,80,0,2310,-3750,OK,88134,1103196
2582,2024-01-08 11:20,E2,50,80,0,2310,-3750,OK,88134,1190810
2583,2024-01-08 11:20,E2,50,85,28.545,2310,-3750,OK,88134,1032858
2584,2024-01-08 11:20,E2,50,85,28.116,2310,-3750,OK,88134,1034092
2585,2024-01-08 11:20,E2,50,85,27.72,2310,-3750,OK,88134,1035326
2586,2024-01-08 11:20,E2,50,85,21.813,2310,-3750,OK,88134,1036560
2587,2024-01-08 11:20,E2,50,85,21.747,2310,-3750,OK,88134,1031624
2588,2024-01-08 11:20,E2,50,85,21.747,2310,-3750,OK,88134,1030390
2589,2024-01-08 11:20,D2,50,85,21.78,2310,-3750,OK,88134,1029156
2590,2024-01-08 11:20,E2,50,80,0,2310,-3750,OK,88134,979796
2591,2024-01-08 11:20,E2,50,75,26.103,2310,-3750,OK,88134,1078516
2592,2024-01-08 11:20,E2,50,75,26.763,2310,-3750,OK,88134,1077282
2593,2024-01-08 11:20,D2,50,75,26.598,2310,-3750,OK,88134,1083452
2594,2024-01-08 11:20,D2,50,75,26.664,2310,-3750,OK,88134,1084686
2595,2024-01-08 11:20,E2,50,75,27.126,2310,-3750,OK,88134,1085920
2596,2024-01-08 11:20,E2,50,75,26.433,2310,-3750,OK,88134,1110600
2597,2024-01-08 11:20,C2,50,75,26.499,2310,-3750,OK,88134,1109366
2598,2024-01-08 11:20,D2,50,85,27.291,2310,-3750,OK,88134,1100728
2599,2024-01-08 11:20,E2,50,80,28.71,2310,-3750,OK,88134,1013114
2600,2024-01-08 11:20,E2,50,55,20.064,2310,-3750,OK,88134,1072346
2601,2024-01-08 11:20,A2,50,85,32.472,2310,-3750,OK,88134,1187108
2602,2024-01-08 11:20,A2,50,85,22.506,2310,-3750,OK,88134,1185874
2603,2024-01-08 11:20,A2,50,85,28.446,2310,-3750,OK,88134,1184640
2604,2024-01-08 11:20,A2,50,85,22.539,2310,-3750,OK,88134,1183406
2605,2024-01-08 11:20,A2,50,85,28.677,2310,-3750,OK,88134,1164896
2606,2024-01-08 11:20,A2,50,85,22.506,2310,-3750,OK,88134,1182172
2607,2024-01-08 11:20,A2,50,85,22.473,2310,-3750,OK,88134,1180938
2608,2024-01-08 11:20,A2,50,85,28.446,2310,-3750,OK,88134,1179704
2609,2024-01-08 11:20,A2,50,70,20.229,2310,-3750,OK,88134,1121706
2610,2024-01-08 11:20,A2,50,80,0,2310,-3750,OK,88134,979796
2611,2024-01-08 11:20,A2,50,80,0,2310,-3750,OK,88134,979796
2612,2024-01-08 11:20,A2,50,80,0,2310,-3750,OK,88134,979796
2613,2024-01-08 11:20,A2,50,85,29.04,2310,-3750,OK,88134,1188342
2614,2024-01-08 11:20,A2,50,85,29.205,2310,-3750,OK,88134,1115536
2615,2024-01-08 11:20,A2,50,85,29.931,2310,-3750,OK,88134,1090856
2616,2024-01-08 11:20,C2,50,85,29.568,2310,-3750,OK,88134,1120472
2617,2024-01-08 11:20,A2,50,85,29.799,2310,-3750,OK,88134,1105664
2618,2024-01-08 11:20,D2,50,85,29.436,2310,-3750,OK,88134,1092090
2619,2024-01-08 11:20,A2,50,85,29.172,2310,-3750,OK,88134,1106898
2620,2024-01-08 11:20,A2,50,85,24.387,2310,-3750,OK,88134,1189576
2621,2024-01-08 11:20,F2,50,85,24.684,2310,-3750,OK,88134,1004476
2622,2024-01-08 11:20,F2,50,85,29.403,2310,-3750,OK,88134,1005710
2623,2024-01-08 11:20,F2,50,85,24.75,2310,-3750,OK,88134,1003242
2624,2024-01-08 11:20,F2,50,85,29.634,2310,-3750,OK,88134,985966
2625,2024-01-08 11:20,F2,50,85,28.842,2310,-3750,OK,88134,983498
2626,2024-01-08 11:20,F2,50,80,0,2310,-3750,OK,88134,979796
2627,2024-01-08 11:20,F2,50,85,29.238,2310,-3750,OK,88134,987200
2628,2024-01-08 11:20,F2,50,85,25.014,2310,-3750,OK,88134,993370
2629,2024-01-08 11:20,F2,50,85,29.865,2310,-3750,OK,88134,992136
2630,2024-01-08 11:20,F2,50,85,25.047,2310,-3750,OK,88134,988434
2631,2024-01-08 11:20,F2,50,85,29.964,2310,-3750,OK,88134,990902
2632,2024-01-08 11:20,F2,50,85,29.931,2310,-3750,OK,88134,989668
2633,2024-01-08 11:20,F2,50,85,25.014,2310,-3750,OK,88134,994604
2634,2024-01-08 11:20,F2,50,85,30.03,2310,-3750,OK,88134,995838
2635,2024-01-08 11:20,F2,50,85,30.063,2310,-3750,OK,88134,997072
2636,2024-01-08 11:20,F2,50,65,24.09,2310,-3750,OK,88134,1060006
2637,2024-01-08 11:20,F2,50,85,29.106,2310,-3750,OK,88134,998306
2638,2024-01-08 11:20,C2,50,65,19.866,2310,-3750,OK,88134,1116770
2639,2024-01-08 11:20,F2,50,85,29.073,2310,-3750,OK,88134,1058772
2640,2024-01-08 11:20,F2,50,85,29.634,2310,-3750,OK,88134,1061240
2641,2024-01-08 11:20,E2,50,85,24.684,2310,-3750,OK,88134,1057538
2642,2024-01-08 11:20,E2,50,85,29.535,2310,-3750,OK,88134,1063708
2643,2024-01-08 11:20,F2,500,1000,23146.761,770,-1250,OK,88134,999540
2644,2024-01-08 11:20,F2,50,85,24.651,2310,-3750,OK,88134,1062474
2645,2024-01-08 11:20,B2,50,85,29.469,2310,-3750,OK,88134,1152556
2646,2024-01-08 11:20,B2,50,85,29.667,2310,-3750,OK,88134,1153790
2647,2024-01-08 11:20,B2,50,85,29.469,2310,-3750,OK,88134,1155024
2648,2024-01-08 11:20,B2,50,85,28.941,2310,-3750,OK,88134,1148854
2649,2024-01-08 11:20,C2,50,85,28.974,2310,-3750,OK,88134,1147620
2650,2024-01-08 11:20,B2,50,80,0,2310,-3750,OK,88134,979796
2651,2024-01-08 11:20,F2,50,85,29.469,2310,-3750,OK,88134,1146386
2652,2024-01-08 11:20,B2,50,85,29.139,2310,-3750,OK,88134,1124174
2653,2024-01-08 11:20,C2,50,85,24.981,2310,-3750,OK,88134,1125408
2654,2024-01-08 11:20,B2,50,85,30.063,2310,-3750,OK,88134,1126642
2655,2024-01-08 11:20,B2,50,85,30.327,2310,-3750,OK,88134,1127876
2656,2024-01-08 11:20,B2,50,85,29.832,2310,-3750,OK,88134,1129110
2657,2024-01-08 11:20,B2,50,85,29.7,2310,-3750,OK,88134,1130344
2658,2024-01-08 11:20,B2,50,85,29.865,2310,-3750,OK,88134,1131578
2659,2024-01-08 11:20,B2,50,85,30.195,2310,-3750,OK,88134,1132812
2660,2024-01-08 11:20,B2,50,65,24.717,2310,-3750,OK,88134,1137748
2661,2024-01-08 11:20,B2,50,85,29.205,2310,-3750,OK,88134,1134046
2662,2024-01-08 11:20,C2,50,65,19.602,2310,-3750,OK,88134,1116770
2663,2024-01-08 11:20,B2,50,85,29.337,2310,-3750,OK,88134,1135280
2664,2024-01-08 11:20,B2,50,85,29.799,2310,-3750,OK,88134,1136514
2665,2024-01-08 11:20,B2,50,85,29.436,2310,-3750,OK,88134,1145152
2666,2024-01-08 11:20,B2,50,85,29.832,2310,-3750,OK,88134,1143918
2667,2024-01-08 11:20,B2,500,1000,22790.658,770,-1250,OK,88134,1156258
2668,2024-01-08 11:20,B2,50,85,25.806,2310,-3750,OK,88134,1157492
2669,2024-01-08 11:20,F2,50,80,25.476,1540,-2500,OK,87579,1072346
2670,2024-01-08 11:20,A2,50,80,46.959,-2310,3750,OK,106893,1111834
2671,2024-01-08 11:20,A2,165,300,96.954,1540,-2500,OK,106893,1095792
2672,2024-01-08 11:20,A2,50,80,46.926,-2310,3750,OK,106893,1104430
2673,2024-01-08 11:20,A2,165,300,97.482,1540,-2500,OK,106893,1098260
2674,2024-01-08 11:20,B2,165,300,96.591,1540,-2500,OK,106893,1088388
2675,2024-01-08 11:20,B2,165,300,98.934,1540,-2500,OK,106893,1108132
2676,2024-01-08 11:20,B2,165,300,98.208,1540,-2500,OK,106893,1089622
2677,2024-01-08 11:20,B2,165,300,96.261,1540,-2500,OK,100344,1111834
2678,2024-01-08 11:20,C2,165,300,97.218,1540,-2500,OK,100344,1095792
2679,2024-01-08 11:20,D2,165,300,97.548,1540,-2500,OK,100344,1104430
2680,2024-01-08 11:20,E2,165,300,96.756,1540,-2500,OK,100344,1098260
2681,2024-01-08 11:20,E2,165,300,96.888,1540,-2500,OK,100344,1088388
2682,2024-01-08 11:20,E2,165,300,95.931,1540,-2500,OK,100344,1108132
2683,2024-01-08 11:20,E2,165,300,97.119,1540,-2500,OK,100344,1089622
2684,2024-01-08 11:20,E2,165,300,99.033,1540,-2500,OK,98124,1111834
2685,2024-01-08 11:20,F2,165,300,99.363,1540,-2500,OK,98124,1095792
2686,2024-01-08 11:20,F2,50,80,46.86,-2310,3750,OK,98124,1104430
2687,2024-01-08 11:20,F2,165,300,99.033,1540,-2500,OK,98124,1098260
2688,2024-01-08 11:20,F2,50,80,46.893,-2310,3750,OK,98124,1088388
2689,2024-01-08 11:20,C2,165,300,95.469,1540,-2500,OK,100788,1111834
2690,2024-01-08 11:20,C2,165,300,97.779,1540,-2500,OK,100788,1095792
2691,2024-01-08 11:20,C2,165,300,97.02,1540,-2500,OK,100788,1104430
2692,2024-01-08 11:20,C2,165,300,97.416,1540,-2500,OK,100788,1098260
2693,2024-01-08 11:20,C2,165,300,99.462,1540,-2500,OK,100788,1088388
2694,2024-01-08 11:20,C2,165,300,96.327,1540,-2500,OK,100788,1108132
2695,2024-01-08 11:20,C2,165,300,99.594,1540,-2500,OK,100788,1089622
2696,2024-01-08 11:20,D2,165,300,97.614,1540,-2500,OK,99456,1111834
2697,2024-01-08 11:20,D2,165,300,99.561,1540,-2500,OK,99456,1095792
2698,2024-01-08 11:20,D2,165,300,97.416,1540,-2500,OK,99456,1104430
2699,2024-01-08 11:20,C2,165,300,96.855,1540,-2500,OK,99456,1098260
2700,2024-01-08 11:20,C2,165,300,97.482,1540,-2500,OK,99456,1088388
2701,2024-01-08 11:20,C2,165,300,96.921,1540,-2500,OK,99456,1108132
2702,2024-01-08 11:20,D2,165,300,96.36,1540,-2500,OK,99456,1089622
2703,2024-01-08 11:20,D2,165,300,96.987,1540,-2500,OK,98235,1111834
2704,2024-01-08 11:20,D2,165,300,98.439,1540,-2500,OK,98235,1095792
2705,2024-01-08 11:20,D2,165,300,97.053,1540,-2500,OK,98235,1104430
2706,2024-01-08 11:20,D2,165,300,97.449,1540,-2500,OK,98235,1098260
2707,2024-01-08 11:20,D2,165,300,96.162,1540,-2500,OK,98235,1088388
2708,2024-01-08 11:20,D2,165,300,96.657,1540,-2500,OK,98235,1108132
2709,2024-01-08 11:20,D2,165,300,96.129,1540,-2500,OK,98235,1089622
2710,2024-01-08 11:20,C2,165,300,97.548,1540,-2500,OK,99567,1111834
2711,2024-01-08 11:20,C2,165,300,96.525,1540,-2500,OK,99567,1095792
2712,2024-01-08 11:20,C2,165,300,99.462,1540,-2500,OK,99567,1104430
2713,2024-01-08 11:20,C2,165,300,96.36,1540,-2500,OK,99567,1098260
2714,2024-01-08 11:20,D2,165,300,96.756,1540,-2500,OK,99567,1088388
2715,2024-01-08 11:20,D2,165,300,96.393,1540,-2500,OK,99567,1108132
2716,2024-01-08 11:20,A2,50,85,28.149,2310,-3750,OK,107226,979796
2717,2024-01-08 11:20,A2,50,85,27.885,2310,-3750,OK,107226,1199448
2718,2024-01-08 11:20,A2,500,1000,14244.153,770,-1250,OK,88134,1199448
2719,2024-01-08 11:20,A2,50,85,24.519,1540,-2500,OK,107448,1121706
2720,2024-01-08 11:20,A2,50,85,24.453,2310,-3750,OK,107448,1196980
2721,2024-01-08 11:20,A2,500,1000,23893.452,770,-1250,OK,100899,1196980
2722,2024-01-08 11:20,A2,50,85,28.611,2310,-3750,OK,107337,979796
2723,2024-01-08 11:20,A2,50,85,28.479,2310,-3750,OK,107337,1198214
2724,2024-01-08 11:20,A2,500,1000,23146.761,770,-1250,OK,88134,1198214
2725,2024-01-08 11:20,F2,50,85,27.951,2310,-3750,OK,86691,1072346
2726,2024-01-08 11:20,F2,50,85,27.984,2310,-3750,OK,86691,973626
2727,2024-01-08 11:20,F2,500,1000,17848.116,770,-1250,OK,96459,973626
2728,2024-01-08 11:20,F2,50,85,28.248,2310,-3750,OK,86913,979796
2729,2024-01-08 11:20,F2,50,85,28.215,2310,-3750,OK,86913,964988
2730,2024-01-08 11:20,F2,500,1000,23893.452,770,-1250,OK,88134,964988
2731,2024-01-08 11:20,B2,50,80,46.893,-2310,3750,OK,104451,979796
2732,2024-01-08 11:20,B2,50,80,46.926,-2310,3750,OK,104451,1169832
2733,2024-01-08 11:20,B2,50,1000,23893.452,770,-1250,OK,88134,1169832
2734,2024-01-08 11:20,B2,50,80,46.926,-2310,3750,OK,104562,979796
2735,2024-01-08 11:20,B2,50,80,46.893,-2310,3750,OK,104562,1168598
2736,2024-01-08 11:20,B2,50,1000,24285.129,770,-1250,OK,88134,1168598
2737,2024-01-08 11:20,B2,50,80,46.959,-2310,3750,OK,104895,979796
2738,2024-01-08 11:20,B2,50,80,46.926,-2310,3750,OK,104895,1167364
2739,2024-01-08 11:20,B2,50,1000,22790.658,770,-1250,OK,88134,1167364
2740,2024-01-08 11:20,B2,50,85,28.38,2310,-3750,OK,101010,979796
2741,2024-01-08 11:20,B2,50,85,29.139,2310,-3750,OK,101010,1011880
2742,2024-01-08 11:20,B2,500,1000,23893.452,770,-1250,OK,88134,1011880
2743,2024-01-08 11:20,F2,50,85,46.86,-2310,3750,OK,88356,1072346
2744,2024-01-08 11:20,F2,50,85,46.926,-2310,3750,OK,88356,1116770
2745,2024-01-08 11:20,F2,500,1000,0,770,-1250,OK,96459,1116770
